-- ======================== INSERT DATA ================================
INSERT INTO pincode_location (pin, city, state) VALUES
(400001, 'Mumbai',    'Maharashtra'),
(110001, 'Delhi',     'Delhi'),
(380001, 'Ahmedabad', 'Gujarat'),
(395001, 'Surat',     'Gujarat'),
(560001, 'Bangalore', 'Karnataka'),
(411001, 'Pune',      'Maharashtra'),
(302001, 'Jaipur',    'Rajasthan'),
(600001, 'Chennai',   'Tamil Nadu');

INSERT INTO coordinate_pincode (longitude, latitude, pin) VALUES
(72.8777, 19.0760, 400001),
(72.8800, 19.0800, 400001),
(72.8750, 19.0720, 400001),
(72.8900, 19.0900, 400001),
(72.8830, 19.0830, 400001),
(72.8770, 19.0750, 400001),
(72.8810, 19.0780, 400001),
(77.1025, 28.7041, 110001),
(77.1060, 28.7080, 110001),
(77.1000, 28.7000, 110001),
(77.1040, 28.7060, 110001),
(72.5714, 23.0225, 380001),
(72.5750, 23.0260, 380001),
(72.5780, 23.0200, 380001),
(72.5700, 23.0250, 380001),
(73.8567, 18.5204, 411001),
(73.8600, 18.5240, 411001),
(72.8311, 21.1702, 395001),
(75.7873, 26.9124, 302001),
(80.2707, 13.0827, 600001),
(80.2740, 13.0860, 600001),
(77.5946, 12.9716, 560001),
(77.5980, 12.9750, 560001),
(77.6000, 12.9700, 560001),
(77.5920, 12.9680, 560001),
(77.5940, 12.9710, 560001);

-- NOTE: role/user_type columns removed to match final DDL (single source of truth = subtype tables)
INSERT INTO "User" (user_id, name, email, password, img_url, reg_date) VALUES
(1,  'Amit Sharma',      'amit@email.com',       'Amit@123',   '/images/u1.jpg', '2025-01-15'),
(2,  'Priya Patel',      'priya@email.com',      'Priya#456',  '/images/u2.jpg', '2025-02-20'),
(3,  'Rahul Kariya',     'rahul@email.com',      'Rahul_K99',  '/images/u3.jpg', '2025-03-10'),
(4,  'Neha Gupta',       'neha@email.com',       'NehaG!77',   '/images/u4.jpg', '2025-04-05'),
(5,  'Kartik Vasavada',  'kartik@email.com',     'Kartik$V1',  '/images/u5.jpg', '2025-05-01'),
(6,  'Ravi Kumar',       'ravi@email.com',       'RaviK@202',  '/images/u6.jpg', '2025-06-15'),
(7,  'Anjali Singh',     'anjali@email.com',     'Anj_singh1', '/images/u7.jpg', '2025-07-20'),
(8,  'Vikram Mehta',     'vikram@email.com',     'VikMehta9',  '/images/u8.jpg', '2025-08-10'),
(9,  'Sonal Desai',      'sonal@email.com',      'Sonal#d45',  '/images/u9.jpg', '2025-09-05'),
(10, 'Manish Joshi',     'manish@email.com',     'Manish@88',  '/images/u10.jpg', '2025-10-15'),
(11, 'Deepa Reddy',      'deepa@email.com',      'DeepaR_12',  '/images/u11.jpg', '2025-11-20'),
(12, 'Arjun Nair',       'arjun@email.com',      'Arjun!Nair', '/images/u12.jpg', '2025-12-01'),
(13, 'Pooja Verma',      'pooja@email.com',      'Pooja#V21',  '/images/u13.jpg', '2026-01-10'),
(14, 'Suresh Yadav',     'suresh@email.com',     'Suresh_Y7',  '/images/u14.jpg', '2026-02-05'),
(15, 'Kavita Iyer',      'kavita@email.com',     'KavIyer@9',  '/images/u15.jpg', '2026-03-01'),
(16, 'Rajesh Khanna',    'rajesh@email.com',     'RajeshK!2',  '/images/u16.jpg', '2026-03-15'),
(17, 'Sneha Pillai',     'sneha@email.com',      'Sneha_P88',  '/images/u17.jpg', '2026-03-20'),
(18, 'Aakash Mishra',    'aakash@email.com',     'AakashM#3',  '/images/u18.jpg', '2026-04-10'),
(19, 'Divya Chauhan',    'divya@email.com',      'DivyaC!44',  '/images/u19.jpg', '2026-04-11'),
(20, 'Rohit Saxena',     'rohit@email.com',      'RohitS_55',  '/images/u20.jpg', '2026-04-12'),
(21, 'Meera Jain',       'meera@email.com',      'MeeraJ@66',  '/images/u21.jpg', '2025-05-15'),
(22, 'Kunal Thakur',     'kunal@email.com',      'KunalT#77',  '/images/u22.jpg', '2025-06-20'),
(23, 'Tanya Bose',       'tanya@email.com',      'TanyaB!88',  '/images/u23.jpg', '2025-07-01'),
(24, 'Harsh Agarwal',    'harsh@email.com',      'HarshA_99',  '/images/u24.jpg', '2025-08-15'),
(25, 'Arun Hegde',       'arun@email.com',       'ArunH@00',   '/images/u25.jpg', '2025-09-01'),
(202401083, 'Kartik OLX','kartik.olx@email.com', 'KartikO!1',  '/images/u26.jpg', '2025-01-01');

INSERT INTO seller (seller_id, user_id, seller_rating) VALUES
(1,  1,  4.5),
(2,  4,  3.8),
(3,  6,  4.2),
(4,  7,  4.7),
(5,  8,  3.5),
(6,  10, 4.0),
(7,  12, 4.8),
(8,  14, 3.2),
(9,  18, 2.0),
(10, 16, 4.3),
(11, 20, 1.5),
(12, 22, 4.1);

INSERT INTO buyer (buyer_id, user_id) VALUES
(1,  2),
(2,  3),
(3,  5),
(4,  9),
(5,  11),
(6,  13),
(7,  15),
(8,  17),
(9,  21),
(10, 23),
(11, 7),
(12, 19),
(13, 24),
(14, 25);

INSERT INTO admin (admin_id, user_id, role) VALUES
(1, 16, 'Super Admin'),
(2, 15, 'Content Moderator');

-- NOTE: address_line added (NOT NULL in DDL); label added for realism. user_id now direct FK (no junction table).
INSERT INTO address (address_id, user_id, address_line, label, longitude, latitude, is_primary) VALUES
(1,  1,         'Flat 101, Marine Heights',        'Home', 72.8777, 19.0760, TRUE),
(2,  2,         'House 22, Connaught Place',       'Home', 77.1025, 28.7041, TRUE),
(3,  3,         'Bungalow 5, Navrangpura',         'Home', 72.5714, 23.0225, TRUE),
(4,  4,         'Flat 304, CG Road Residency',     'Home', 72.5750, 23.0260, TRUE),
(5,  5,         'Flat 12B, Bandra West',           'Home', 72.8800, 19.0800, TRUE),
(6,  6,         'House 9, Andheri East',           'Home', 72.8750, 19.0720, TRUE),
(7,  7,         'Flat 45, Karol Bagh',             'Home', 77.1060, 28.7080, TRUE),
(8,  8,         'Bungalow 3, Powai',               'Home', 72.8900, 19.0900, TRUE),
(9,  9,         'Flat 7C, Kothrud',                'Home', 73.8567, 18.5204, TRUE),
(10, 10,        'House 18, Satellite',             'Home', 72.5780, 23.0200, TRUE),
(11, 11,        'Flat 202, Indiranagar',           'Home', 77.5946, 12.9716, TRUE),
(12, 12,        'House 14, Koramangala',           'Home', 77.5980, 12.9750, TRUE),
(13, 13,        'Flat 33, Rajouri Garden',         'Home', 77.1000, 28.7000, TRUE),
(14, 14,        'House 27, Vastrapur',             'Home', 72.5700, 23.0250, TRUE),
(15, 15,        'Flat 8, T Nagar',                 'Home', 80.2707, 13.0827, TRUE),
(16, 16,        'House 41, Shivaji Nagar',         'Home', 73.8600, 18.5240, TRUE),
(17, 17,        'Bungalow 6, Athwa Lines',         'Home', 72.8311, 21.1702, TRUE),
(18, 18,        'Flat 19, Rajouri Garden',         'Home', 77.1040, 28.7060, TRUE),
(19, 19,        'Flat 55, Juhu',                   'Home', 72.8830, 19.0830, TRUE),
(20, 20,        'House 3, Malviya Nagar',          'Home', 75.7873, 26.9124, TRUE),
(21, 21,        'Flat 90, Goregaon',               'Home', 72.8770, 19.0750, TRUE),
(22, 22,        'House 12, Anna Nagar',            'Home', 80.2740, 13.0860, TRUE),
(23, 23,        'Flat 5, HSR Layout',              'Home', 77.6000, 12.9700, TRUE),
(24, 202401083, 'Flat 6, Malad West',              'Home', 72.8810, 19.0780, TRUE),
(25, 24,        'House 21, Whitefield',            'Home', 77.5920, 12.9680, TRUE),
(26, 25,        'Flat 88, Marathahalli',           'Home', 77.5940, 12.9710, TRUE);

INSERT INTO Categories (category_id, category_name, parent_id) VALUES
(1, 'Electronics',     NULL),
(2, 'Mobiles',         1),
(3, 'Furniture',       NULL),
(4, 'Vehicles',        NULL),
(5, 'Fashion',         NULL),
(6, 'Books',           NULL),
(7, 'Home Appliances', NULL);

INSERT INTO products (product_id, pname, description, brand, price, condition, status, date_of_listing, categorie_id, seller_id, address_id) VALUES
(1,  'iPhone 14',              'Used iPhone 14 in good condition',        'Apple',         45000,  'Used', 'Available', '2025-06-01', 2, 1,  1),
(2,  'iPhone 13',              'Well maintained iPhone 13',               'Apple',         35000,  'Good', 'Available', '2025-07-15', 2, 2,  4),
(3,  'Samsung Galaxy S23',     'Brand new Samsung Galaxy S23',            'Samsung',       55000,  'New',  'Available', '2025-05-01', 2, 4,  7),
(4,  'OnePlus 12',             'New OnePlus 12 smartphone',               'OnePlus',       42000,  'New',  'Sold',      '2025-09-01', 2, 1,  1),
(5,  'Xiaomi 14',              'Used Xiaomi 14 with accessories',         'Xiaomi',        28000,  'Used', 'Available', '2025-10-01', 2, 6,  10),
(6,  'iPhone 15',              'Brand new sealed iPhone 15',              'Apple',         65000,  'New',  'Available', '2025-11-01', 2, 3,  6),
(7,  'Samsung Galaxy A54',     'Good condition Galaxy A54',               'Samsung',       22000,  'Good', 'Available', '2025-12-01', 2, 2,  4),
(8,  'Pixel 8',                'New Google Pixel 8 pristine condition',   'Google',        45000,  'New',  'Sold',      '2026-01-01', 2, 7,  12),
(9,  'Samsung Galaxy S24',     'Latest Samsung Galaxy S24 model',         'Samsung',       72000,  'New',  'Sold',      '2025-08-01', 2, 10, 16),
(10, 'Motorola Edge',          'Used Motorola Edge smartphone',           'Motorola',      18000,  'Used', 'Sold',      '2025-07-01', 2, 8,  14),
(42, 'iPhone 14 Pro',          'Used iPhone 14 Pro excellent battery',    'Apple',         15000,  'Used', 'Available', '2026-04-10', 2, 9,  18),
(43, 'iPhone 13 Mini',         'Compact and handy iPhone 13 Mini',        'Apple',         12000,  'Used', 'Available', '2026-04-10', 2, 9,  18),
(45, 'Samsung Galaxy S22',     'Lightly used Galaxy S22 phone',           'Samsung',       18000,  'Used', 'Available', '2026-04-10', 2, 9,  18),
(46, 'OnePlus Nord',           'Affordable OnePlus Nord smartphone',      'OnePlus',        8000,  'Used', 'Available', '2026-04-10', 2, 9,  18),
(47, 'Xiaomi Mi 11',           'Used Xiaomi Mi 11 working perfectly',     'Xiaomi',         7000,  'Used', 'Available', '2026-04-10', 2, 9,  18),
(52, 'Samsung Galaxy Z Fold',  'Premium foldable Samsung phone',          'Samsung',      150000,  'New',  'Available', '2025-11-01', 2, 7,  12),
(11, 'Sony LED TV 55 inch',    'Large 55 inch Sony LED Smart TV',         'Sony',          75000,  'New',  'Available', '2025-06-01', 1, 1,  1),
(12, 'Dell Laptop Inspiron',   'Reliable Dell Inspiron laptop',           'Dell',          52000,  'Used', 'Available', '2025-08-15', 1, 4,  7),
(13, 'Bose Headphones',        'Noise cancelling premium Bose headphones','Bose',          25000,  'New',  'Sold',      '2025-09-01', 1, 3,  6),
(14, 'Canon DSLR Camera',      'Professional Canon DSLR camera kit',      'Canon',         85000,  'New',  'Available', '2025-10-01', 1, 7,  12),
(15, 'HP Laptop',              'HP Laptop in working condition',          'HP',            48000,  'Good', 'Available', '2025-11-01', 1, 6,  10),
(16, 'Apple MacBook Air',      'Lightweight and fast MacBook Air',        'Apple',         95000,  'New',  'Sold',      '2025-12-01', 1, 10, 16),
(17, 'Samsung Tablet',         'Used Samsung Android Tablet',             'Samsung',       30000,  'Used', 'Sold',      '2026-01-15', 1, 1,  1),
(18, 'JBL Speaker',            'Portable JBL Bluetooth Speaker',          'JBL',            8000,  'Used', 'Available', '2026-02-01', 1, 8,  14),
(19, 'Sony LED TV 42 inch',    '42 inch Sony LED Smart TV display',       'Sony',         195000,  'New',  'Available', '2025-07-01', 1, 1,  1),
(44, 'Apple Watch SE',         'Used Apple Watch SE smart watch',         'Apple',          8000,  'Used', 'Available', '2026-04-10', 1, 9,  18),
(20, 'Wooden Dining Table',    'Sturdy wooden dining table for home',     'IKEA',          25000,  'New',  'Available', '2025-06-01', 3, 1,  1),
(21, 'Office Chair',           'Ergonomic Godrej office chair',           'Godrej',        12000,  'Used', 'Available', '2025-08-01', 3, 4,  7),
(22, 'Sofa Set',               'Comfortable Nilkamal living room sofa',   'Nilkamal',      35000,  'New',  'Sold',      '2025-09-01', 3, 3,  6),
(23, 'Bookshelf',              'IKEA wooden bookshelf storage',           'IKEA',           8000,  'Used', 'Available', '2025-10-01', 3, 6,  10),
(24, 'King Size Bed',          'Spacious Durian king size bed frame',     'Durian',        45000,  'New',  'Sold',      '2025-11-01', 3, 10, 16),
(54, 'Nilkamal Wardrobe',      'Used Nilkamal plastic wardrobe',          'Nilkamal',      18000,  'Used', 'Sold',      '2025-10-01', 3, 10, 16),
(25, 'Honda Activa',           'Well maintained Honda Activa scooter',    'Honda',         65000,  'Used', 'Available', '2025-06-01', 4, 5,  8),
(26, 'Royal Enfield Classic',  'Classic Royal Enfield motorcycle',        'Royal Enfield',150000,  'Used', 'Sold',      '2025-07-01', 4, 4,  7),
(27, 'Maruti Swift',           'Used Maruti Swift car well driven',       'Maruti',       450000,  'Used', 'Available', '2025-08-01', 4, 1,  1),
(28, 'TVS Jupiter',            'New TVS Jupiter 125cc scooter',           'TVS',           55000,  'New',  'Available', '2025-09-01', 4, 7,  12),
(29, 'Hyundai i20',            'Used Hyundai i20 premium hatchback',      'Hyundai',      550000,  'Used', 'Sold',      '2025-10-01', 4, 3,  6),
(48, 'Royal Enfield Bullet',   'Iconic Royal Enfield Bullet cruiser',     'Royal Enfield', 40000,  'Used', 'Available', '2026-04-12', 4, 11, 20),
(49, 'Hero Splendor',          'Reliable Hero Splendor commuter bike',    'Hero',          25000,  'Used', 'Available', '2026-04-12', 4, 11, 20),
(30, 'Nike Shoes',             'Brand new Nike sports running shoes',     'Nike',           8500,  'New',  'Available', '2025-06-01', 5, 3,  6),
(31, 'Levis Jeans',            'Original Levis blue denim jeans',         'Levis',          3500,  'New',  'Available', '2025-07-01', 5, 4,  7),
(32, 'Zara Jacket',            'Stylish Zara winter wear jacket',         'Zara',           5000,  'Used', 'Sold',      '2025-08-01', 5, 6,  10),
(33, 'Adidas Sneakers',        'Comfortable Adidas lifestyle sneakers',   'Adidas',         7000,  'New',  'Available', '2025-09-01', 5, 1,  1),
(34, 'Gucci Bag',              'Luxury Gucci designer handbag',           'Gucci',         45000,  'Used', 'Available', '2025-10-01', 5, 7,  12),
(53, 'Vintage Leather Belt',   'Classic men vintage leather belt',        'Vintage',        2000,  'Used', 'Available', '2025-10-01', 5, 5,  8),
(55, 'Nike Running Shoes',     'Lightweight Nike athletic running shoes', 'Nike',           6500,  'Used', 'Sold',      '2025-11-01', 5, 10, 16),
(56, 'Tommy Hilfiger Shirt',   'Casual Tommy Hilfiger cotton shirt',      'Tommy',          4000,  'Used', 'Available', '2025-11-01', 5, 10, 16),
(35, 'The Alchemist',          'Bestselling fiction book by Paulo Coelho','Penguin',         350,  'Used', 'Sold',      '2025-06-01', 6, 1,  1),
(36, 'Atomic Habits',          'Self-help book on habit building',        'Penguin',         500,  'New',  'Sold',      '2025-07-01', 6, 4,  7),
(37, 'Sapiens',                'Brief history of humankind book',         'Harper',          600,  'Used', 'Sold',      '2025-08-01', 6, 3,  6),
(38, 'Samsung Washing Machine','Front load Samsung washing machine',      'Samsung',       32000,  'New',  'Available', '2025-06-01', 7, 1,  1),
(39, 'LG Refrigerator',        'Double door LG frost free refrigerator',  'LG',            28000,  'Used', 'Available', '2025-08-01', 7, 4,  7),
(40, 'Dyson Vacuum',           'Powerful Dyson cordless stick vacuum',    'Dyson',         35000,  'New',  'Sold',      '2025-09-01', 7, 7,  12),
(41, 'Philips Iron',           'Philips 1000W dry and steam iron',        'Philips',        2500,  'Used', 'Available', '2025-10-01', 7, 6,  10),
(50, 'LG OLED TV',             'Premium LG OLED 4K Smart TV',             'LG',           120000,  'New',  'Available', '2026-01-01', 7, 10, 16),
(51, 'Bosch Washing Machine',  'Bosch fully automatic washing machine',   'Bosch',         40000,  'New',  'Sold',      '2025-12-01', 7, 10, 16);

-- NOTE: image_id column removed (not in DDL); PK is (image_url, product_id)
INSERT INTO Product_Image (image_url, product_id, is_primary) VALUES
('/images/iphone14.jpg',              1,  TRUE),
('/images/iphone13.jpg',              2,  TRUE),
('/images/galaxy_s23.jpg',            3,  TRUE),
('/images/oneplus12.jpg',             4,  TRUE),
('/images/xiaomi14.jpg',              5,  TRUE),
('/images/iphone15.jpg',              6,  TRUE),
('/images/galaxy_a54.jpg',            7,  TRUE),
('/images/pixel8.jpg',                8,  TRUE),
('/images/galaxy_s24.jpg',            9,  TRUE),
('/images/moto_edge.jpg',             10, TRUE),
('/images/sony_tv55.jpg',             11, TRUE),
('/images/dell_inspiron.jpg',         12, TRUE),
('/images/bose_headphones.jpg',       13, TRUE),
('/images/canon_dslr.jpg',            14, TRUE),
('/images/hp_laptop.jpg',             15, TRUE),
('/images/macbook_air.jpg',           16, TRUE),
('/images/samsung_tablet.jpg',        17, TRUE),
('/images/jbl_speaker.jpg',           18, TRUE),
('/images/sony_tv42.jpg',             19, TRUE),
('/images/dining_table.jpg',          20, TRUE),
('/images/office_chair.jpg',          21, TRUE),
('/images/sofa_set.jpg',              22, TRUE),
('/images/bookshelf.jpg',             23, TRUE),
('/images/king_bed.jpg',              24, TRUE),
('/images/honda_activa.jpg',          25, TRUE),
('/images/royal_enfield.jpg',         26, TRUE),
('/images/maruti_swift.jpg',          27, TRUE),
('/images/tvs_jupiter.jpg',           28, TRUE),
('/images/hyundai_i20.jpg',           29, TRUE),
('/images/nike_shoes.jpg',            30, TRUE),
('/images/levis_jeans.jpg',           31, TRUE),
('/images/zara_jacket.jpg',           32, TRUE),
('/images/adidas_sneakers.jpg',       33, TRUE),
('/images/gucci_bag.jpg',             34, TRUE),
('/images/alchemist.jpg',             35, TRUE),
('/images/atomic_habits.jpg',         36, TRUE),
('/images/sapiens.jpg',               37, TRUE),
('/images/samsung_washer.jpg',        38, TRUE),
('/images/lg_fridge.jpg',             39, TRUE),
('/images/dyson_vacuum.jpg',          40, TRUE),
('/images/philips_iron.jpg',          41, TRUE),
('/images/iphone14pro.jpg',           42, TRUE),
('/images/iphone13mini.jpg',          43, TRUE),
('/images/apple_watch.jpg',           44, TRUE),
('/images/galaxy_s22.jpg',            45, TRUE),
('/images/oneplus_nord.jpg',          46, TRUE),
('/images/xiaomi_mi11.jpg',           47, TRUE),
('/images/re_bullet.jpg',             48, TRUE),
('/images/hero_splendor.jpg',         49, TRUE),
('/images/lg_oled.jpg',               50, TRUE),
('/images/bosch_washer.jpg',          51, TRUE),
('/images/galaxy_zfold.jpg',          52, TRUE),
('/images/vintage_belt.jpg',          53, TRUE),
('/images/nilkamal_wardrobe.jpg',     54, TRUE),
('/images/nike_running.jpg',          55, TRUE),
('/images/tommy_shirt.jpg',           56, TRUE);

INSERT INTO Wishlist (wishlist_id, user_id, wishlist_name) VALUES
(1,  5,  'My Favorites'),
(2,  5,  'Electronics Wish'),
(3,  2,  'Priya Picks'),
(4,  9,  'Sonal List'),
(5,  11, 'Deepa Favorites'),
(6,  13, 'Pooja Wishlist'),
(7,  15, 'Kavita Items'),
(8,  21, 'Meera Picks'),
(9,  17, 'Sneha Watch'),
(10, 3,  'Rahul List');

-- NOTE: table renamed Contains -> WishlistItems to match final schema
INSERT INTO WishlistItems (wishlist_id, product_id) VALUES
(1, 1),  (1, 3),  (1, 11), (1, 30),
(2, 12), (2, 14),
(3, 1),  (3, 4),  (3, 13), (3, 22), (3, 26),
(4, 1),  (4, 3),  (4, 11), (4, 25),
(5, 1),  (5, 3),  (5, 11), (5, 25), (5, 34),
(6, 1),  (6, 3),  (6, 11), (6, 6),  (6, 14),
(7, 14), (7, 28), (7, 50),
(8, 1),  (8, 6),  (8, 11), (8, 20),
(9, 5),  (9, 7),  (9, 38),
(10, 15), (10, 23);

INSERT INTO Conversations (conversation_id, start_date, status, buyer_id, seller_id) VALUES
(1,  '2025-12-01', TRUE, 2,  1),
(2,  '2025-12-05', TRUE, 3,  1),
(3,  '2025-12-10', TRUE, 1,  4),
(4,  '2025-12-15', TRUE, 5,  7),
(5,  '2026-01-05', TRUE, 6,  4),
(6,  '2026-01-10', TRUE, 7,  1),
(7,  '2026-01-15', TRUE, 8,  2),
(8,  '2026-01-20', TRUE, 2,  6),
(9,  '2026-02-01', TRUE, 9,  3),
(10, '2026-02-10', TRUE, 10, 7),
(11, '2026-02-15', TRUE, 3,  4),
(12, '2026-02-20', TRUE, 11, 1),
(13, '2026-04-10', TRUE, 1,  9),
(14, '2026-03-01', TRUE, 12, 5);

-- NOTE: column renamed sent_at -> sent_timestamp to match DDL
INSERT INTO Message (message_id, conversation_id, message_content, sent_timestamp) VALUES
(1,  1,  'Hi, is the iPhone 14 still available?',        '2025-12-01 10:00:00'),
(2,  1,  'Yes, it is! Are you interested?',              '2025-12-01 10:05:00'),
(3,  1,  'Can you reduce the price a bit?',              '2025-12-01 10:15:00'),
(4,  1,  'I can do 42000, final price.',                 '2025-12-01 10:20:00'),
(5,  1,  'Deal! When can we meet?',                      '2025-12-01 10:30:00'),
(6,  2,  'Hello, interested in your iPhone 14.',         '2025-12-05 11:00:00'),
(7,  2,  'Sure, when can you come see it?',              '2025-12-05 11:10:00'),
(8,  3,  'Is the Royal Enfield in good condition?',      '2025-12-10 09:00:00'),
(9,  3,  'Yes, recently serviced.',                      '2025-12-10 09:15:00'),
(10, 4,  'Interested in Canon DSLR.',                    '2025-12-15 14:00:00'),
(11, 4,  'Sure, check the photos I uploaded.',           '2025-12-15 14:10:00'),
(12, 5,  'Hi, is the laptop available?',                 '2026-01-05 16:00:00'),
(13, 6,  'Can I see the Sony TV in person?',             '2026-01-10 10:00:00'),
(14, 7,  'Hi, Galaxy A54 price negotiable?',             '2026-01-15 12:00:00'),
(15, 8,  'Is the Xiaomi 14 still available?',            '2026-01-20 11:00:00'),
(16, 8,  'Yes, come take a look!',                       '2026-01-20 11:20:00'),
(17, 9,  'Interested in Nike shoes.',                    '2026-02-01 13:00:00'),
(18, 10, 'Canon DSLR still available?',                  '2026-02-10 15:00:00'),
(19, 11, 'Looking at the Dell Laptop.',                  '2026-02-15 10:00:00'),
(20, 11, 'Yes, its in great condition.',                 '2026-02-15 10:15:00'),
(21, 12, 'Sony TV price?',                               '2026-02-20 09:00:00'),
(22, 12, 'Its 75000, firm price.',                       '2026-02-20 09:10:00'),
(23, 12, 'Can you do 70000?',                            '2026-02-20 09:20:00'),
(24, 13, 'Hi, iPhone 14 Pro is real?',                   '2026-04-10 10:00:00'),
(25, 13, 'Yes, 100% genuine.',                           '2026-04-10 10:05:00'),
(26, 14, 'Honda Activa available?',                      '2026-03-01 11:00:00'),
(27, 14, 'Yes!',                                         '2026-03-01 11:05:00');

-- NOTE: review_id removed (composite PK now buyer_id+seller_id+product_id).
-- product_id added: each review mapped to a product actually owned by that review's seller.
-- review_type added (NOT NULL): derived as Positive/Negative based on rating.
INSERT INTO Review (buyer_id, seller_id, product_id, rating, review_type, review_comment, review_date) VALUES
(1,  1, 1,  3, 'Negative', 'Okay product, expected better.',        '2025-07-01'),
(2,  1, 4,  2, 'Negative', 'Not great quality.',                    '2025-08-01'),
(3,  1, 11, 3, 'Negative', 'Average experience.',                   '2025-09-01'),
(5,  1, 17, 4, 'Positive', 'Good seller, fast delivery.',           '2025-12-01'),
(6,  1, 19, 5, 'Positive', 'Excellent product, highly recommend!',  '2026-01-01'),
(7,  1, 20, 4, 'Positive', 'Very good, well packed.',               '2026-02-01'),
(9,  1, 27, 5, 'Positive', 'Amazing seller, will buy again!',       '2026-03-01'),
(11, 4, 3,  5, 'Positive', 'Best seller ever! Highly recommended!', '2026-01-15'),
(8,  2, 2,  5, 'Positive', 'Great product, fast response!',        '2026-02-01'),
(8,  2, 7,  4, 'Positive', 'Good deal, satisfied.',                '2026-03-01'),
(1,  4, 12, 4, 'Positive', 'Smooth transaction with Anjali.',       '2025-10-01'),
(5,  7, 14, 5, 'Positive', 'Superb Canon camera quality!',          '2025-11-01'),
(6,  3, 6,  3, 'Negative', 'Average, product was okay.',            '2025-12-01'),
(3,  4, 21, 4, 'Positive', 'Nice seller, good communication.',      '2026-01-01');

-- NOTE: column renamed timestamp -> notification_date; message and status added (both NOT NULL)
INSERT INTO Notifications (notification_id, user_id, type, message, status, notification_date) VALUES
(1,  1,  'listing',    'Your listing is now live.',            'Unread', '2025-06-15 10:00:00'),
(2,  2,  'message',    'You have a new message.',               'Unread', '2025-07-01 11:00:00'),
(3,  3,  'price_drop', 'A price drop on your wishlisted item.', 'Read',   '2025-08-01 12:00:00'),
(4,  5,  'listing',    'Your listing is now live.',              'Read',   '2025-09-01 13:00:00'),
(5,  6,  'message',    'You have a new message.',                'Unread', '2025-10-01 14:00:00'),
(6,  7,  'promotion',  'Check out our latest promotions.',       'Unread', '2025-11-01 15:00:00'),
(7,  9,  'listing',    'Your listing is now live.',              'Read',   '2025-12-01 16:00:00'),
(8,  11, 'message',    'You have a new message.',                'Unread', '2026-01-01 17:00:00'),
(9,  13, 'price_drop', 'A price drop on your wishlisted item.',  'Read',   '2026-02-01 18:00:00'),
(10, 15, 'listing',    'Your listing is now live.',              'Unread', '2026-03-01 19:00:00'),
(11, 1,  'promotion',  'Check out our latest promotions.',       'Read',   '2026-03-15 10:00:00'),
(12, 5,  'message',    'You have a new message.',                'Unread', '2026-03-20 11:00:00');

-- NOTE: table renamed Contact -> Phone_no, contact_id removed (PK is user_id+phone), column phone_number -> phone
INSERT INTO Phone_no (user_id, phone) VALUES
(1,  '9876543210'),
(3,  '9876543211'),
(5,  '9876543212'),
(7,  '9876543213'),
(9,  '9876543214'),
(2,  '9876543215'),
(4,  '9876543216'),
(6,  '9876543217'),
(8,  '9876543218'),
(10, '9876543219');